{"train/policy_loss":-0.000730890387785621,"global_step":406422,"train/old_approx_kl":0.005189591397993354,"_step":2,"performance/epoch":3,"data/new_files_in_batch":4,"_timestamp":1.7489303920285287e+09,"train/approx_kl":0.005114524800887921,"performance/pad_agent_sps":76267.67711179348,"data/coverage":100,"train/value_loss":12.203118652105331,"train/learning_rate":0.0003,"performance/controlled_agent_sps":16306.625207728881,"train/entropy":4.4799415320158005,"train/explained_variance":0.16076815128326416,"_wandb":{"runtime":29},"data/scenario_counts_in_batch":{"_type":"histogram","values":[1,0,0,0,0,0,0,0,0,0,0,0,0,0,0,0,0,0,0,0,0,0,0,0,0,0,0,0,0,0,0,0,0,1,0,0,1,0,0,0,0,0,0,0,0,0,0,0,0,0,0,0,0,0,0,0,0,0,0,0,0,0,0,1],"bins":[114,114.328125,114.65625,114.984375,115.3125,115.640625,115.96875,116.296875,116.625,116.953125,117.28125,117.609375,117.9375,118.265625,118.59375,118.921875,119.25,119.578125,119.90625,120.234375,120.5625,120.890625,121.21875,121.546875,121.875,122.203125,122.53125,122.859375,123.1875,123.515625,123.84375,124.171875,124.5,124.828125,125.15625,125.484375,125.8125,126.140625,126.46875,126.796875,127.125,127.453125,127.78125,128.109375,128.4375,128.765625,129.09375,129.421875,129.75,130.078125,130.40625,130.734375,131.0625,131.390625,131.71875,132.046875,132.375,132.703125,133.03125,133.359375,133.6875,134.015625,134.34375,134.671875,135]},"data/unique_scenarios_in_batch":4,"performance/controlled_agent_sps_env":42240.396411431946,"performance/uptime":26.508333364967257,"train/clipfrac":0.03464698791503906,"performance/pad_agent_sps_env":197562.45535430068,"_runtime":27.021891326}