{"train/clipfrac":0.02539825439453125,"_runtime":179.538919001,"_timestamp":1.748929540692452e+09,"metrics/perc_truncated":0.19998180743166416,"train/entropy":4.257772363722324,"performance/epoch":21,"metrics/perc_veh_collisions":0.5841633478800455,"metrics/total_controlled_agents":7329,"_wandb":{"runtime":187},"performance/controlled_agent_sps_env":44069.49616065061,"metrics/perc_goal_achieved":0.08505025506019592,"performance/controlled_agent_sps":16430.38768476741,"performance/uptime":179.01112969598034,"metrics/episode_length":91.00000762939453,"data/new_files_in_batch":4,"train/explained_variance":0.23438739776611328,"data/coverage":100,"metrics/total_off_road":64423.666666666664,"performance/pad_agent_sps":74373.87458280474,"metrics/std_perc_goal_achieved":0.01492400528587222,"metrics/num_completed_episodes":1500,"data/unique_scenarios_in_batch":4,"performance/pad_agent_sps_env":199485.2004264209,"metrics/total_collisions":88608,"metrics/mean_episode_reward_per_agent":-14.545049031575521,"train/learning_rate":0.0003,"global_step":2831936,"train/value_loss":3.9622807912528515,"train/old_approx_kl":0.004774467763581924,"_step":21,"data/scenario_counts_in_batch":{"_type":"histogram","values":[1,0,0,0,0,0,0,0,0,0,0,0,0,0,0,0,0,0,0,0,0,0,0,0,0,0,0,0,0,0,0,0,0,1,0,0,1,0,0,0,0,0,0,0,0,0,0,0,0,0,0,0,0,0,0,0,0,0,0,0,0,0,0,1],"bins":[114,114.328125,114.65625,114.984375,115.3125,115.640625,115.96875,116.296875,116.625,116.953125,117.28125,117.609375,117.9375,118.265625,118.59375,118.921875,119.25,119.578125,119.90625,120.234375,120.5625,120.890625,121.21875,121.546875,121.875,122.203125,122.53125,122.859375,123.1875,123.515625,123.84375,124.171875,124.5,124.828125,125.15625,125.484375,125.8125,126.140625,126.46875,126.796875,127.125,127.453125,127.78125,128.109375,128.4375,128.765625,129.09375,129.421875,129.75,130.078125,130.40625,130.734375,131.0625,131.390625,131.71875,132.046875,132.375,132.703125,133.03125,133.359375,133.6875,134.015625,134.34375,134.671875,135]},"train/policy_loss":-0.0006465422120527364,"train/approx_kl":0.004573633565541968,"metrics/control_density":0.22903125,"metrics/perc_off_road":0.4420793851216634}