{"_step":0,"data/unique_scenarios_in_batch":4,"performance/epoch":1,"performance/controlled_agent_sps_env":9955.526467098605,"performance/controlled_agent_sps":5036.987657251861,"train/explained_variance":0.0037351250648498535,"performance/uptime":26.05664514802629,"train/old_approx_kl":0.006573317332367878,"global_step":131247,"performance/pad_agent_sps":20816.18707698773,"data/coverage":100,"data/scenario_counts_in_batch":{"_type":"histogram","values":[1,0,0,0,0,0,0,0,0,0,0,0,0,0,0,0,0,0,0,0,0,0,0,0,0,0,0,0,0,0,0,0,0,0,0,0,0,0,0,0,0,0,0,0,0,0,2,0,0,0,0,0,0,0,0,0,0,0,0,0,0,0,0,1],"bins":[12,12.171875,12.34375,12.515625,12.6875,12.859375,13.03125,13.203125,13.375,13.546875,13.71875,13.890625,14.0625,14.234375,14.40625,14.578125,14.75,14.921875,15.09375,15.265625,15.4375,15.609375,15.78125,15.953125,16.125,16.296875,16.46875,16.640625,16.8125,16.984375,17.15625,17.328125,17.5,17.671875,17.84375,18.015625,18.1875,18.359375,18.53125,18.703125,18.875,19.046875,19.21875,19.390625,19.5625,19.734375,19.90625,20.078125,20.25,20.421875,20.59375,20.765625,20.9375,21.109375,21.28125,21.453125,21.625,21.796875,21.96875,22.140625,22.3125,22.484375,22.65625,22.828125,23]},"_timestamp":1.7488980696616518e+09,"train/clipfrac":0.04594993591308594,"train/approx_kl":0.006711879099043472,"train/value_loss":4.2585683837533,"_wandb":{"runtime":33},"data/new_files_in_batch":4,"performance/pad_agent_sps_env":41142.86464265304,"train/learning_rate":0.0003,"_runtime":28.883239272,"train/policy_loss":-0.003174414589011576,"train/entropy":4.503980807960033}