{"metrics/mean_episode_reward_per_agent":-1.0998665910177472,"train/approx_kl":0.09964970176224597,"performance/pad_agent_sps_env":5424.635320826767,"train/learning_rate":0.0003,"metrics/total_controlled_agents":10,"_timestamp":1.748868179916151e+09,"metrics/episode_length":91,"metrics/perc_goal_achieved":0.3524950187422796,"metrics/perc_off_road":0.09421157844349771,"train/policy_loss":0.015426404832396656,"global_step":6384429,"data/coverage":50,"train/clipfrac":0.53515625,"metrics/perc_truncated":0.4758483033932136,"performance/controlled_agent_sps_env":335.7797103636761,"performance/uptime":28104.778339348006,"data/scenario_counts_in_batch":{"_type":"histogram","values":[0,0,0,0,0,0,0,0,0,0,0,0,0,0,0,0,0,0,0,0,0,0,0,0,0,0,0,0,0,0,0,0,1,0,0,0,0,0,0,0,0,0,0,0,0,0,0,0,0,0,0,0,0,0,0,0,0,0,0,0,0,0,0,0],"bins":[1.5,1.515625,1.53125,1.546875,1.5625,1.578125,1.59375,1.609375,1.625,1.640625,1.65625,1.671875,1.6875,1.703125,1.71875,1.734375,1.75,1.765625,1.78125,1.796875,1.8125,1.828125,1.84375,1.859375,1.875,1.890625,1.90625,1.921875,1.9375,1.953125,1.96875,1.984375,2,2.015625,2.03125,2.046875,2.0625,2.078125,2.09375,2.109375,2.125,2.140625,2.15625,2.171875,2.1875,2.203125,2.21875,2.234375,2.25,2.265625,2.28125,2.296875,2.3125,2.328125,2.34375,2.359375,2.375,2.390625,2.40625,2.421875,2.4375,2.453125,2.46875,2.484375,2.5]},"data/unique_scenarios_in_batch":1,"_wandb":{"runtime":28109},"performance/epoch":12383,"performance/controlled_agent_sps":230.61645737411146,"metrics/num_completed_episodes":1002,"train/explained_variance":0.020855367183685303,"metrics/std_perc_goal_achieved":0.21215265270993416,"data/new_files_in_batch":1,"train/value_loss":0.6495971370022744,"metrics/total_off_road":4.924151696606787,"_step":6209,"metrics/perc_veh_collisions":0.12395209820565588,"train/old_approx_kl":0.08809453179128468,"performance/pad_agent_sps":3725.6872336943834,"_runtime":28106.523090064,"metrics/total_collisions":13.297405189620758,"metrics/control_density":0.078125,"train/entropy":1.9380988636985421}