actual_num_agents,actual_num_roads,useful_num_agents,useful_num_roads,num_envs,time_to_reset,time_to_step,fps,afps,useful_afps,exec_mode,datasetInitOptions
2048,48000,272,9568,16,0.0018435060046613216,0.002031111100876934,492.34135915472524,1008315.1035488773,133916.84969008528,CUDA,PadN
6400,150000,850,29900,50,0.0038441591896116734,0.004063734795186627,246.0790505287083,1574905.9233837333,209167.19294940206,CUDA,PadN
25600,600000,3400,119600,200,0.01270908722653985,0.01331160401172015,75.12242695317212,1923134.1300012064,255416.25164078522,CUDA,PadN
38400,900000,5100,179400,300,0.018999526277184486,0.019959226878506413,50.102141034173755,1923922.215712272,255520.91927428616,CUDA,PadN
