{"metrics/perc_off_road":0.3612774505081053,"_wandb":{"runtime":2334},"_timestamp":1.7488386487479646e+09,"metrics/total_controlled_agents":10,"data/scenario_counts_in_batch":{"bins":[1.5,1.515625,1.53125,1.546875,1.5625,1.578125,1.59375,1.609375,1.625,1.640625,1.65625,1.671875,1.6875,1.703125,1.71875,1.734375,1.75,1.765625,1.78125,1.796875,1.8125,1.828125,1.84375,1.859375,1.875,1.890625,1.90625,1.921875,1.9375,1.953125,1.96875,1.984375,2,2.015625,2.03125,2.046875,2.0625,2.078125,2.09375,2.109375,2.125,2.140625,2.15625,2.171875,2.1875,2.203125,2.21875,2.234375,2.25,2.265625,2.28125,2.296875,2.3125,2.328125,2.34375,2.359375,2.375,2.390625,2.40625,2.421875,2.4375,2.453125,2.46875,2.484375,2.5],"_type":"histogram","values":[0,0,0,0,0,0,0,0,0,0,0,0,0,0,0,0,0,0,0,0,0,0,0,0,0,0,0,0,0,0,0,0,1,0,0,0,0,0,0,0,0,0,0,0,0,0,0,0,0,0,0,0,0,0,0,0,0,0,0,0,0,0,0,0]},"data/unique_scenarios_in_batch":1,"metrics/num_completed_episodes":1002,"train/entropy":1.6411282010376453,"global_step":631134,"performance/pad_agent_sps":4033.3488790515753,"data/new_files_in_batch":1,"metrics/total_off_road":51.471057884231534,"train/old_approx_kl":0.12087017821613699,"metrics/perc_goal_achieved":0.11796407441714567,"_step":611,"train/explained_variance":0.5361767709255219,"performance/uptime":2330.704027120024,"train/clipfrac":0.4775390625,"metrics/mean_episode_reward_per_agent":-3.9951433476981726,"metrics/control_density":0.078125,"train/learning_rate":0.0003,"metrics/perc_veh_collisions":0.28163673181436255,"performance/controlled_agent_sps_env":381.74961596339057,"performance/epoch":1221,"data/coverage":50,"performance/pad_agent_sps_env":6060.645065837395,"metrics/perc_truncated":0.4499001996007984,"performance/controlled_agent_sps":254.05371357307286,"train/value_loss":0.12022532999981195,"train/approx_kl":0.0956583002989646,"_runtime":2331.17950573,"metrics/total_collisions":50.41916167664671,"train/policy_loss":0.014086981835134793,"metrics/std_perc_goal_achieved":0.12184807561008208,"metrics/episode_length":91}